,labels,text,neg_logits,pos_logits
23455,0,[MASK]行。第二部就不该拍竟然还出第三部,11.711648,5.7301354
37994,1,[MASK]行。局气！规矩！管虎导了俩影帝了！,10.122409,4.512399
45474,0,[MASK]行。前半段真好看，后半段越来越萎,10.681578,5.6683903
37018,0,[MASK]行。前面的剧情看得我尴尬癌都犯了,11.190094,5.1235437
39152,0,[MASK]行。混乱的情节，特么矫情无下限。,11.04407,4.854552
4952,0,[MASK]行。适合能静得下心和有故事的人。,7.4356866,6.0184207
49922,1,[MASK]行。最是人间留不住朱颜辞镜花辞树,6.7765822,2.3727453
18895,1,[MASK]行。超级治愈又感人，狗狗真的好暖心,9.810564,4.6657753
16855,0,[MASK]行。密室设定很有意思，可惜未能维持,9.604403,3.066808
33344,1,[MASK]行。原来巴萨的德国馆还有这个用处,10.706127,5.0787153
43014,1,[MASK]行。丫丫真的太美了，前夫哥好可爱,10.825354,5.326492
30945,0,[MASK]行。烂的一逼，啥都没有，狗屁不通。,10.8700695,5.4867816
11202,1,[MASK]行。这个玛丽苏我喜欢很好看求续集,10.491033,5.5364223
43097,1,[MASK]行。看了点映，好多戳中我泪点??,11.453893,5.5370255
7229,0,[MASK]行。郑恺和郭采洁还挺有cp感的。,11.2753525,6.7416315
46824,0,[MASK]行。民乐要靠二次元来拯救了嘛……,11.548479,4.296142
44791,1,[MASK]行。反正我追完了，为了女主的颜值,10.959947,5.775115
40750,0,[MASK]行。我朋友说，她尴尬得想原地去世。,11.602061,5.2795534
24357,0,[MASK]行。今年作品太多了，有点透支了。,11.835781,6.1425896
12065,0,[MASK]行。我是真的觉得孙悟空的扮相太丑了,12.407169,5.6658397
44782,1,[MASK]行。还可以吧……感觉题材还算新颖,10.631224,6.276952
11314,0,[MASK]行。看完情圣来评评这部这部比情圣好,10.832263,5.587048
19047,1,[MASK]行。它令我想起曾经怦然心动的轻吻,8.747811,4.6958084
45899,0,[MASK]行。发哥抄着烂片专业户就去了。。。,11.267189,5.484344
14214,0,[MASK]行。第一集演得什么玩意儿，尴尬死了,11.451036,5.6782675
31414,1,[MASK]行。热热闹闹的，看得我好开心啊。,9.917853,5.268065
25276,0,[MASK]行。煽情煽成了MV，大家都笑了。,10.207113,5.4985046
47776,1,[MASK]行。最喜欢的科幻故事，很成功的改编,9.180648,5.322259
45012,1,[MASK]行。还算可以哦，故事讲的挺精彩！,9.491643,5.8402243
49786,0,[MASK]行。被黑天鹅惊艳到了！美轮美奂！,9.537103,3.8341575
11029,0,[MASK]行。到底在演什麼啊？？大爛片！！！,8.108084,2.5286012
30704,1,[MASK]行。卧槽我竟然看过啊啊啊啊啊啊啊,11.37996,5.092884
3121,1,[MASK]行。你无车无楼无番狗做乜要拖我手,9.543276,3.981907
9512,0,[MASK]行。最弱版劳拉了吧？太弱了太无聊了,11.137981,5.2042394
15976,0,[MASK]行。重拍经典，孩子对恐惧的克服。,8.578972,3.1654909
26862,1,[MASK]行。太好看了！笑得我内分泌失调！,10.765069,5.224989
30395,0,[MASK]行。本来两星，加一星给受罪的演员吧,10.857546,5.0720725
22972,0,[MASK]行。《星际特工：全宇宙看我们尬爱》,8.749874,3.013598
30570,0,[MASK]行。特效不错啊，但剧情就大简单了,11.125775,6.9367113
20588,0,[MASK]行。气氛到位，演员不存，故事简单！,9.436438,6.3119063
13869,0,[MASK]行。看的点映，形式“精致”的大烂片,10.802375,4.6287947
24216,1,[MASK]行。最后居然没搞你们还是人吗？？？,11.156478,4.2098765
32991,0,[MASK]行。平淡真实不温不火我没懂哭点在哪,10.344034,5.643763
1732,1,[MASK]行。其实伍迪哈里森演的是一个天使,10.984437,5.2630696
4472,1,[MASK]行。陈可辛拍商业文艺片真的不错~~,10.822074,6.6539936
33439,0,[MASK]行。泡泡妹子打打架，兄弟情在哪？,10.757576,4.298654
11847,0,[MASK]行。一部非常尬的电影。不推荐观看。,11.129617,6.2049356
16369,0,[MASK]行。张艺谋式的漂亮画面，何必3D。,10.198761,4.9488935
31321,0,"[MASK]行。我不信你们没东西怼地雷啊=""=",10.692186,5.0745535
18949,1,[MASK]行。少男少女必看，爱与美的启蒙。,8.7115965,3.8376477
32102,1,[MASK]行。迪斯尼的动画很赞，配乐很好听！,11.3673315,6.3515387
9630,1,[MASK]行。喜欢坎妹素颜的劳拉，期待后续。,9.833852,5.331839
1571,1,[MASK]行。演小安生的小朋友很像岳云鹏啊。,12.050146,6.6928043
38226,1,[MASK]行。你猜不到的结局…猜不到的惊异…,9.574964,4.393333
17406,0,[MASK]行。卡尔文老师不是触手，是海蜇皮啊,10.563173,5.5247984
24554,1,[MASK]行。我不会说情话，只知道陪着你。,10.392612,5.369323
6181,1,[MASK]行。腕龙站在码头哀嚎的场景太泪目了,9.1598,3.5365877
6583,0,[MASK]行。比较难看的伪记录僵尸片...,11.163239,5.7245545
6224,0,[MASK]行。cctv6盛产类似的古装片……,10.016418,5.7234325
39086,0,[MASK]行。打一星以上的人都是咋想的！！！,9.623387,4.637391
14019,0,[MASK]行。好吧，为了阿姨们的搏命演出。,10.608501,5.349442
10409,0,[MASK]行。勉强合格。觉得周冬雨有点厉害。,10.911623,6.0389476
24108,0,[MASK]行。Highlyoverrated,8.897395,3.1526875
21295,0,[MASK]行。干了这碗毒鸡汤，来世不见张嘉佳,10.075326,4.2915187
6067,1,[MASK]行。妈的吓死我了叫得我嗓子都哑了,10.999812,4.5364366
9505,0,[MASK]行。寻父，遇彦祖。掘墓，炸病毒。,6.158908,1.2829442
41265,0,[MASK]行。嗯电影院椅子挺舒服，睡得挺好,10.85896,6.1939554
48553,1,[MASK]行。Pixar真的没有让我失望过。,11.403865,6.7683077
24690,1,[MASK]行。看完只想把所有好东西都给它……,10.281677,5.3556905
6635,1,[MASK]行。我给你四星，反正我就是胆小。,10.470943,5.9866714
4338,1,[MASK]行。除了人贩子，所有人都是受害者,10.380412,3.6585977
25535,1,[MASK]行。逃离已知世界的勇气令人敬佩。,8.15415,3.1196513
17716,1,[MASK]行。老一套温情，稍稍让我有点麻木,11.074339,5.3567677
47637,0,[MASK]行。我特么就想知道那句中文是什么,11.704712,5.369238
8508,1,[MASK]行。好看！但是最后那关不过瘾???,10.302588,7.3524904
23534,1,[MASK]行。谁能拒绝穿护士服的余春娇呢？,11.345203,5.0608826
26207,0,[MASK]行。太恶心了~不要看~建议哈···,11.898105,4.872109
28591,0,[MASK]行。主角明明是章鱼，你叫潜艇总动员,11.541504,4.5893564
19643,0,[MASK]行。没看。但是五星水军太恶心了。,11.597432,6.094167
31415,1,[MASK]行。爽着爽着导演就给你喂了一口屎,10.185224,5.3608947
2047,0,[MASK]行。好的地方都是老舍的。★★★☆,10.394652,6.497821
9358,0,[MASK]行。感觉在铁匠铺呆了一宿。。。。,10.988296,6.2474694
27611,1,[MASK]行。勇敢、努力、坚强的女孩都是公主,9.661171,3.9434485
24947,0,[MASK]行。埃德加赖特的GTA6？太屎了,10.551987,4.556347
24137,0,[MASK]行。小哥有精神洁癖呀，这点好赞。,10.412612,6.001524
18739,1,[MASK]行。永远不要忘记你所爱的人，感动,9.347827,4.6201367
26928,0,[MASK]行。把所有人都拍这么难看太不容易了,10.786374,6.0447826
15616,1,[MASK]行。就想知道睡觉打呼噜的人怎么办,11.967627,6.7440014
49084,1,[MASK]行。能把蒜皮当雪花的姑娘你真好。,10.327107,5.8439956
46654,0,[MASK]行。我没想到加分项竟然是景甜老师。,10.337292,5.305444
31054,0,[MASK]行。交通安全宣传片，情感关系咨询片,7.8020186,3.6004522
22682,1,[MASK]行。Kylo在色誘Rey啊啊啊！！,10.3118925,5.012125
21126,0,[MASK]行。演员升级，故事降级，无聊透了。,11.523374,5.33817
19669,0,[MASK]行。车行径你妈逼去死！杀人凶手！,6.867493,1.3747103
38351,1,[MASK]行。最后奔跑拥抱那里真的好感动。,9.816465,5.5427413
29835,0,[MASK]行。女个坏女人挺好看的，好友真真,10.497357,5.5139856
20290,0,[MASK]行。犯我中华者，虽远必诛其超市！,9.0877695,1.251717
32379,1,[MASK]行。我眼拙。不过剧情还是吸引人的。,12.000548,6.687564
7517,1,[MASK]行。看哭了，我是不是自我代入太努力,10.855722,5.1134186
47322,1,[MASK]行。生命不止，奔跑不息。励志电影,8.28089,3.0409787
48159,1,[MASK]行。全片都是彩蛋。最后两个彩蛋。,10.280315,4.6709313
39334,0,[MASK]行。馮小剛的電影，簡稱「尬影」。,5.5241866,2.190077
30801,0,[MASK]行。特效不错吧，其他没什么感觉。,10.908345,7.887356
48912,0,[MASK]行。莫名其妙，演到一半变得毫无逻辑,9.873394,4.7977505
27998,0,[MASK]行。好玩，看完很放鬆的輕鬆喜劇。,9.001855,5.7506847
5783,0,[MASK]行。为了第三部放恐龙也是牛逼……,11.052997,5.1807055
25444,1,[MASK]行。剧情紧凑，案件逼真，很好看。,10.290415,7.0484962
45902,0,[MASK]行。发哥近年来也都是接的烂片子啊,12.517471,5.961078
41165,0,[MASK]行。不是赵丽颖差，而是朱琳太好。,12.746107,7.2483754
3114,0,[MASK]行。题材不错，可惜片子真的很一般。,11.712314,7.176691
28516,1,[MASK]行。披着科幻片外衣的恐怖悬疑电影,9.638907,3.899378
45673,0,[MASK]行。他们都在打酱油不要冤枉甜老师,10.479107,5.2068567
44474,0,[MASK]行。虐杀白垃圾的感觉真的会超爽吧,10.144866,4.94887
2914,1,[MASK]行。verycd上的三级太强悍了,10.519282,5.96772
36553,1,[MASK]行。比我想象的好看，和妈妈一起看的,11.146122,6.7930565
35983,0,[MASK]行。世人久不见苍鹰，竟觉秃鹫美。,6.8094807,2.2070901
24574,1,[MASK]行。看完了真的值得深思，很有深意。,10.2671585,5.7727003
16765,1,[MASK]行。赞美可爱善良孝顺的帕丁顿熊！！,8.994604,3.844827
3072,0,[MASK]行。忘了讲什么了。7分吧。看完了,10.62639,6.32234
43841,0,[MASK]行。立体机动装置的镜头拍得真是丑啊,12.242303,5.3218656
13535,1,[MASK]行。答应我一定要去看3D的好吗？,11.603507,5.9929156
27935,1,[MASK]行。能吓到人的恐怖片就是好恐怖片,11.47343,5.399998
37463,1,[MASK]行。“这房间里面的书都是你的了”,10.546798,4.648365
17012,0,[MASK]行。傲慢自大的朝鲜人领导了此电影,9.66695,3.7202597
50167,0,[MASK]行。下錯片來看了，這片看著噁心。,10.906249,4.279819
25900,0,[MASK]行。把功夫都用在P超人的胡子上了,11.219536,5.0153494
43522,1,[MASK]行。我不管反正我看哭了我要给五星,11.018945,5.2927876
14127,0,[MASK]行。梦蝶的发型是模仿鲶鱼设计的吗？,11.893,4.99393
40591,1,[MASK]行。“你出得了海，你上得了岸吗？”,9.748412,4.1920776
23780,1,[MASK]行。绝望感，徒劳感一点点地蔓延。,9.094739,3.5515573
33622,0,[MASK]行。哇，大咖云集的大烂片。。。。,11.008006,5.1644073
6131,1,[MASK]行。真正的大片，真正的视觉盛宴。,7.8986025,3.9818795
49046,1,[MASK]行。仗义每多屠狗辈，负心总是读书人,8.626276,3.9919324
23480,1,[MASK]行。你爱我我爱你你变成我我变成你,9.730046,4.597241
30778,0,[MASK]行。只是猩猩版的胜利大逃亡或者越狱,11.543376,4.876697
26793,1,[MASK]行。休闲娱乐的一部童话故事片子。,6.7525244,4.0471687
47988,1,[MASK]行。尊重与认同，是靠实力争取来的,9.619432,4.09602
7844,0,[MASK]行。最后还逼着看了场广场舞好尴尬啊,12.52172,5.247402
16611,1,[MASK]行。休格兰特荣升英国周润发宝座【,6.5172963,1.327241
7068,1,[MASK]行。最后怎么突然就玄幻起来了？！,11.24071,4.585382
33251,1,[MASK]行。反转反转大反转，值得好好用心看,9.277996,4.042429
34533,0,[MASK]行。三星半吧。女主挺美。剧情太扯。,10.886945,6.3037233
41274,0,[MASK]行。我不懂林志玲存在的意义是什么,11.983078,6.109941
2571,1,[MASK]行。我还蛮喜欢的vintage耶,10.266698,6.9859123
7017,0,[MASK]行。视听成熟，剧作幼稚，表演出色。,7.4900327,4.8737254
33663,0,[MASK]行。渣看首映看的睡着为中国电影难过,11.349462,5.2190933
41653,0,[MASK]行。这是东野圭吾被黑得最惨的一次,10.601758,4.7399435
25798,1,[MASK]行。挺好看干嘛取这么一个傻中文名。,10.466835,5.9670463
37930,0,[MASK]行。其实很一般，老流氓逝去的青春,9.563379,5.665884
41139,1,[MASK]行。称得上是国漫精品了。继续努力。,9.9342,6.7081704
44855,0,[MASK]行。一把年纪还在拍动作片也是心疼…,11.311803,5.697406
6199,0,[MASK]行。哈哈哈哈哈哈哈哈哈哈哈哈哈哈,9.899149,5.7488894
23669,1,[MASK]行。人性的丑陋，不敢看透的人心。,9.666167,4.095538
40921,1,[MASK]行。我相信，看粤语效果会好很多。,10.6043415,6.1672525
5358,0,[MASK]行。我怎么就这么讨厌这部电影呢？,12.126136,5.6490602
31300,0,[MASK]行。合格爆米花大片附加價值觀輸出,6.359609,0.06803434
47443,1,[MASK]行。故事不是关键，弥漫的氛围完胜。,9.447424,4.9313397
19329,1,[MASK]行。一生筚路成天地，半恨亲仇错缘君,6.5308447,1.9631405
30647,1,[MASK]行。还行，大猩猩很酷xxoo都懂,10.937952,7.19458
20601,0,[MASK]行。禁闭自己的永远都是内心的魔障,10.217542,3.5743878
27721,1,[MASK]行。视觉效果，故事和音乐都值五星。,9.48683,5.3394814
14381,0,[MASK]行。演技在线，剧情太狗血，已弃剧。,11.070208,5.6816607
29587,0,[MASK]行。看到同性恋题材，就忍不住给一星,10.728291,4.9794507
48737,0,[MASK]行。歌舞剧，唱唱跳跳还是不错的。,10.4176035,6.3417
50409,0,[MASK]行。工业合格，但就没有一个点戳到我,10.176127,5.4451933
1758,1,[MASK]行。我和我边上的大叔一直在抹眼泪,11.421594,5.428402
23547,1,[MASK]行。坚持住十分钟影院并没有放错片,10.339618,4.952723
27665,1,[MASK]行。迪斯尼已经掌握了套路的水龙头,9.900548,3.93531
39726,0,[MASK]行。汤姆汉克斯总能逮到机会跑两步,9.511637,4.4606185
8664,0,[MASK]行。好看是好看，但是不值那么高分,10.894052,5.7370205
2319,0,[MASK]行。恕我愚昧，不太懂讲了些什么。。,9.782797,4.945884
4770,1,[MASK]行。真的是开怀大笑。还不被灌鸡汤,10.782652,5.3938727
34765,0,[MASK]行。呵呵，挑了这对侠侣可够XIA,9.165126,4.557588
43012,1,[MASK]行。丫丫的美看着舒服，还是值得的,9.987551,5.4590282
35486,1,[MASK]行。尺度真大…超过好莱坞了…我喜欢,9.987457,5.091212
46075,1,[MASK]行。依旧霸气四射，最后的自杀是败笔,9.805322,3.5383377
5106,1,[MASK]行。好爱这个导演，可爱的老头么么哒,10.453669,5.8657937
27913,0,[MASK]行。还行吧，杀杀时间还是没问题的。,11.323186,6.164085
32931,1,[MASK]行。最近看的一部电影……哈哈哈哈哈,10.4230795,5.8912163
19843,0,[MASK]行。这片名，也是醉了，剧情也一般,10.615132,4.9172277
40765,0,[MASK]行。烂死了的片子，完全没有演技可言,11.910613,5.95194
27377,1,"[MASK]行。Youjump,Ijump.",9.1851845,3.3186042
15068,0,[MASK]行。在云山这一大段剧情，太作了。,10.834366,5.313136
10327,0,[MASK]行。不就一国产玛丽苏么有几把个甜,10.519002,5.9447484
47218,1,[MASK]行。那个时候的小汤哥真帅！演技惊艳,11.460912,5.917739
7838,0,[MASK]行。把李治廷当成王力宏从头看到尾,10.730805,5.458484
33992,1,[MASK]行。告诉我有多少人只是来看小黄人的,11.384716,4.841747
15138,1,[MASK]行。百合小姐姐颜值巅峰，温柔似水。,10.059745,5.4470797
22189,0,[MASK]行。高考思想，中考提纲，小学情怀,8.927842,4.002833
27336,1,[MASK]行。撸辣么多次的片居然没打分...,11.961022,5.473949
30785,0,[MASK]行。感觉人类小女孩就是个摆设……,11.991846,5.508823
34175,0,[MASK]行。前面做的很认真中间拖了点烂尾,10.586217,6.436903
45959,0,[MASK]行。一颗心给玉木宏另一颗心给苏有朋,8.81669,4.354554
8987,1,[MASK]行。作为一个媒体人真的是热泪盈眶。,10.266844,5.8780627
13193,1,[MASK]行。好吧老贼，这次算被你煽到了…,9.728757,4.3135967
6728,0,[MASK]行。怎么笑？爆笑的都是什么人啊？,11.358445,4.5579224
44702,0,[MASK]行。我承认我只是想看热巴....,11.624228,5.688734
34149,0,[MASK]行。现在的香港喜剧，是比谁更烂吗？,12.306139,6.044292
31158,1,[MASK]行。在瑞恩面前，没有理智的评分。,10.478852,4.1292834
38384,1,[MASK]行。经典到不知道用什么言语来评价它,9.808255,5.7066574
50202,0,[MASK]行。可以排进我看过的最烂电影前三。,11.089449,6.891
36073,1,[MASK]行。又名《这世间女子都不爱沈炼》,7.9019527,3.6555183
34034,1,[MASK]行。可爱到爆的啦！全片脑内布兰妮！,10.079005,4.736847
22472,0,[MASK]行。没有男主，防守作战，意思不大。,10.330996,4.8580613
2174,1,[MASK]行。范伟演的好，和耳朵大有福一样。,10.566475,6.4101634
43765,0,[MASK]行。看了五分钟决定来打完分走人……,10.947789,5.0014105
50312,1,[MASK]行。BlackDahlia·山寨货,9.076743,4.4781475
39261,1,[MASK]行。你觉得我的小么？我也没见过大的,10.902856,5.31185
33361,1,[MASK]行。整个看到鸡皮疙瘩大起，爱死了。,10.688073,5.086588
36345,1,[MASK]行。为了陈导，破例为国产片打高分！,10.515066,5.2053127
17282,1,[MASK]行。两只法鲨傍地走安能辨我是攻受,9.420266,3.6195984
43364,0,[MASK]行。要不是冲着文章那三字一星都不给,10.685606,5.5687423
26682,0,[MASK]行。所以这套兔子都什么混蛋三观？,10.709622,4.0307937
18612,1,[MASK]行。发现讨论区很多智商很低的人耶。,11.400071,5.2066355
24974,0,[MASK]行。不过不失，后半段剧情有点失控了,10.637158,6.635525
20834,1,[MASK]行。看颜值，看服装，剧情可以忽略。,10.396058,5.611413
25404,0,[MASK]行。女主人设太太太太讨人厌了弃了,10.467982,4.5877447
18847,1,[MASK]行。我认识的人越多，我就越喜欢狗。,11.657049,5.9675736
30884,1,[MASK]行。温情又悲壮，感人且充满力量。,7.369399,3.8557928
47411,1,[MASK]行。众多大牌呢。。。你看看都有谁。,9.836864,5.0517783
10920,0,[MASK]行。第3颗星给黄秋生。。。哎。。。,9.321593,3.6528363
6817,0,[MASK]行。恩，这片子应该叫《中二接盘侠》,10.789187,5.3274384
14610,0,[MASK]行。英文片尾曲响起的时候我报警了,10.852159,4.431386
12211,1,[MASK]行。情爱是一个永远说不完的话题。,10.462725,4.8601046
18881,1,[MASK]行。看的时候哭成狗，心痛的不行。,12.879426,6.540304
20568,0,[MASK]行。女主颜值加一颗星，故事本身无聊,10.564692,5.2276087
3918,0,[MASK]行。等我被求婚的时候我也要烟花?,11.429792,4.2275653
26664,0,[MASK]行。兔子一点都不可爱，简直想掐死,11.596898,4.7911363
18969,1,[MASK]行。懵懂的才是这个世界最好的。。。,10.138948,4.9578576
10748,1,[MASK]行。这他妈才是黑处有什么喔，牛逼,10.1231,4.907042
25057,1,[MASK]行。与其他故事有借鉴，原声加一个星,8.222389,3.793943
14380,0,[MASK]行。曾经的女神现在演这种狗血剧了,12.183537,5.9689975
11114,0,[MASK]行。开始看就希望快点结束的电影。,10.767593,5.882642
2418,0,[MASK]行。太蠢了，不能把侦探一起干掉？？,11.557181,4.2897267
46843,1,[MASK]行。【用尽我的一切奔向你】-周笔畅,8.430358,3.6965802
2436,0,[MASK]行。翻拍片，但质量实在是太低了。,11.225241,7.9475865
17791,1,[MASK]行。我相信上帝为我开了很多扇窗。,9.623319,5.543133
20706,0,[MASK]行。郑爽整容后，每个表情都好奇怪,11.124246,5.5419526
32882,0,[MASK]行。其实不错但作为盲系列感觉……,10.577669,6.3780875
25159,0,[MASK]行。各种土。居然林志颖都没帅起来,11.828773,5.577931
32233,1,[MASK]行。那时小的看这片还有些智力困难,11.12428,5.7398667
27089,0,[MASK]行。很久没有看到这么恶心的电影了,11.439211,5.634476
46059,0,[MASK]行。悬疑不够，刺激不够，精彩不够,11.007046,4.486895
4054,0,[MASK]行。霸道总裁人人爱！好看！我喜欢！,10.268447,5.7871947
10830,0,[MASK]行。幸好是下载看的，不知所云的电影,11.749332,5.6497016
34018,1,[MASK]行。萌萌哒，你在这里，不离不弃……,9.5324745,4.9783883
25438,1,[MASK]行。2018第一部让我追到天亮的剧,10.139109,4.861961
28379,0,[MASK]行。newagebullshit,8.154489,2.9637775
30297,0,[MASK]行。情节过于牵强，动作又有些混乱。,10.897305,4.8023915
32033,1,[MASK]行。希望自己也能像朱迪一样吧……,9.900947,6.233764
9160,1,[MASK]行。“相忘于江湖，不如相濡以沫。”,7.2938256,3.3328493
10970,0,[MASK]行。看到这个组合电影也就不用看了,10.144909,5.0803943
25101,1,[MASK]行。虽然翻了很多次白眼但还是很好看,11.409781,6.8446045
8931,1,[MASK]行。我们也许也在经历尼克松时代。,9.891339,4.568884
44399,0,[MASK]行。本来期望挺高，实际上漏洞百出,10.142968,4.1697288
20496,0,[MASK]行。只顾自己心机婊，玩弄两男不顾情,10.632827,4.8847594
48717,0,[MASK]行。剧情比较简单，但是音乐非常棒。,9.641347,5.7021136
19138,0,[MASK]行。这怪物的形象真是不忍心吐槽啊。,11.229278,4.9024563
21803,1,[MASK]行。什么是好电影，这就是好电影。,9.647919,5.2153106
30139,1,[MASK]行。汪星人给现在喵星人主流的反击！,10.452473,4.5350904
15894,1,[MASK]行。秋华，等到马上就要得到幸福啦,9.383231,4.621767
7744,1,[MASK]行。美好的东西注定只能潜藏在角落,9.7761755,3.8483553
38412,1,[MASK]行。逆境中的挣扎在绝望中生出一朵花,7.806875,2.6587162
26358,0,[MASK]行。烂电影？我听过谁说好看来着？,11.520911,5.0530167
5344,1,[MASK]行。这种青春。你国人只有看的份。,10.527652,4.674742
25742,1,[MASK]行。taron唱歌太jb好听了。。,11.3497095,5.85221
39856,1,[MASK]行。这题材居然舍得平实，毫不煽情,10.958296,5.5997586
32432,1,[MASK]行。一环接一环，很烧脑，有意思。,8.983422,4.8047786
33668,0,[MASK]行。现在当电影导演的要求这么低么？,12.410221,6.3477135
6328,0,[MASK]行。这又是什么让人窒息的真实故事,10.422156,3.8118591
34193,0,[MASK]行。最爱小古，你千万别是Y先生呀,10.077146,4.329849
3458,0,[MASK]行。太辣眼睛，这都是啥，剧情太烂,11.773651,5.2324367
40990,0,[MASK]行。这就是所谓的划时代国产电影呵呵,10.606676,5.722341
25511,1,[MASK]行。我是不是也在楚门的世界活着？,10.960931,4.353718
34188,0,[MASK]行。搞笑小品~很精致~看着舒服~,10.191454,6.7157445
50219,0,[MASK]行。尼玛B又下错了！！！！！！！！,10.9440975,4.145098
4282,1,[MASK]行。确实很感人，也让人感觉好可怕。,9.94178,5.5827866
18561,0,[MASK]行。电影可以重来，但生活没有彩排。,11.439821,5.4796276
4449,1,[MASK]行。真没哭，但觉得很好，有点意外,11.192258,5.8921494
16671,1,[MASK]行。温馨的片子～可以欣赏伦敦风景～,8.226046,5.633428
21892,0,[MASK]行。当年最搞笑的科幻动作剧情惊悚片,10.3215885,4.928357
45250,0,[MASK]行。内容铺设的太慢，烂片儿一部。,12.651618,6.207898
18697,0,[MASK]行。是不是应该集结动物们来看一下？,12.076408,3.925044
2928,0,[MASK]行。ab为什么要演这么一个角色？！,11.35612,5.478317
36776,1,[MASK]行。我有时会想起你，你应该在北方。,10.725018,5.468587
42687,0,[MASK]行。呵呵呵呵呵呵呵呵呵呵呵呵呵呵呵,10.399862,6.425013
26333,0,[MASK]行。好久没看过这么难看的港片了。,11.816283,6.6380606
19866,0,[MASK]行。名字取得不好，差点没看，还行吧,10.585683,7.387933
16604,1,[MASK]行。《帕丁顿熊2：布达佩斯大饭店》,8.148886,2.8801248
38551,0,[MASK]行。最后的决战跟《盗墓笔记》似的。,10.319188,5.0723596
6592,0,[MASK]行。第3視角拍起來真是模糊難懂阿,9.616631,4.176089
39147,0,[MASK]行。明显郑恺比赵又廷好多了啊！！,11.640069,5.980123
12950,0,[MASK]行。Whendoesitend?,10.081924,2.7887902
28884,1,[MASK]行。女主的演技把男主秒的渣都不剩。,11.699782,6.8533893
27397,1,[MASK]行。太经典了，不知道多少年前看的了,9.78359,5.224722
20505,0,"[MASK]行。姐弟乱伦片,冲女主颜值多给一星",10.07502,4.5657935
22371,0,[MASK]行。全片就讲了一种新虫？坑爹啊你,11.5519,4.6320853
4290,1,[MASK]行。终究还是被结尾真实影像戳中泪点,10.329749,4.4835224
15892,1,[MASK]行。秋华来了，属于她的幸福也到了,9.433534,4.6657643
27786,0,[MASK]行。只有jumpscare。。。。,9.2560215,3.600153
1491,1,[MASK]行。两个女仔，一个不怂，一个也不怂,9.940807,5.5205536
47544,1,[MASK]行。很棒，好看，看后心里面很舒服,9.5352955,7.160607
34603,1,[MASK]行。前面的故事是真人版moana,8.55783,3.4308062
7737,1,[MASK]行。爱德华脆弱伤心的眼神看着难过,10.8928385,3.9618893
27282,1,[MASK]行。我也愿意敬会治脱发的怪兽为神,10.119854,4.8430905
37159,1,[MASK]行。周星驰版下水道美人鱼，笑中带泪,9.108389,5.2272553
22351,0,[MASK]行。这个系列的2和3要比比谁更烂,11.77869,5.673205
42411,1,[MASK]行。我们不再拥有一种热烈的心碎。,9.432979,3.7403905
37577,0,[MASK]行。说实话，不好笑而且充满算计。,10.795722,5.5439544
16177,0,[MASK]行。能让我这么浪费时间的人不多了,11.370238,6.242145
44516,1,[MASK]行。女主角真漂亮，难怪用来钓鱼呢,10.491202,5.385801
47125,1,[MASK]行。特效震撼，一场完美的视听盛宴。,6.358297,2.2013748
47774,1,[MASK]行。文科生拯救世界！就凭这，五星！,10.06603,4.44355
28616,0,[MASK]行。就算是小孩子也说不想看了的电影,11.546446,6.3157616
15883,1,[MASK]行。女主倒是不错很好看，演戏在线,11.520846,7.0381317
40500,0,[MASK]行。美人迟暮，没了花与蛇时的惊艳,7.619619,2.7065978
36608,0,[MASK]行。本来还好的，作过头就不好了。,10.978034,5.6077247
48609,1,[MASK]行。我爱皮克斯啊啊啊啊啊啊啊啊~,10.318124,5.345447
15847,0,[MASK]行。哎为了我的秋华_(:з」∠)_,10.127964,4.8005357
6668,1,[MASK]行。对僵尸有了新的看法哈哈哈搞笑~,9.681425,4.788096
50548,0,[MASK]行。年轻不懂事的时候看过。。。。,11.281218,6.162053
14495,1,[MASK]行。张柏芝真的太美了，盛世美颜啊！,11.201573,5.3143115
37456,1,[MASK]行。餐桌那段我的内心os：好烧钱…,9.976244,4.851727
4773,1,[MASK]行。笑到眼泪都出来了！！！！！！,10.700091,5.3034306
9866,1,[MASK]行。作为处女作，实在是难得的公路片,10.433977,6.1485524
36330,0,[MASK]行。陈勋奇也拍这种老套的喜剧片。,11.652945,6.374811
36524,1,[MASK]行。为摇滚乐推荐，至少这是电影。,11.276251,5.6960654
22067,1,[MASK]行。这是神作!!都是因为你们看不懂,11.447429,4.9601846
26169,0,[MASK]行。八仙人肉馅+阴唇包饺功【4】,8.099492,4.1956797
32166,1,[MASK]行。国产片拍到这个程度真的很不容易,11.795887,6.5589595
3571,0,[MASK]行。宣传那样除了画面还有哪能看了？,13.005261,4.9577103
13098,1,[MASK]行。我觉得我需要王小贱这样的男人,11.110938,6.06683
41062,1,[MASK]行。大圣好可怜的你们为什么都欺负他,11.624374,4.71132
23577,0,[MASK]行。除了想法，没有别的了。难看。,11.330273,6.2385173
46597,0,[MASK]行。电影挺不错的啊，给一星没毛病。,11.118803,7.3110046
4539,0,[MASK]行。艹，我竟然看完了，狗比人好看,11.044583,4.7078147
4298,1,[MASK]行。觉得几位主演都好棒！片尾哭瞎。,11.545331,6.833364
35920,0,[MASK]行。第一次觉得徐静蕾拍的片能看.,11.276608,6.831175
1817,0,[MASK]行。为抄袭大作贡献自己的一星不谢,9.248457,4.7539344
30582,0,[MASK]行。环太平洋全自动化口头指挥版……,6.566361,0.81563175
30331,0,[MASK]行。辜负了我当初的期待，太一般啦！,11.4820175,5.6140227
12634,1,[MASK]行。我们家美国队长演什么都好看！,11.304326,5.5332494
26462,0,[MASK]行。平庸、无聊、恶俗的一塌糊涂。,9.955845,4.3772507
7338,0,[MASK]行。前你全家啊前前前，没完没了还,9.573865,4.362257
11821,0,[MASK]行。看看吴君如就好，其他人一律屏蔽,10.831673,4.727467
3520,0,[MASK]行。张鲁一为啥那么想不开这个造型,10.898963,5.828432
25264,0,[MASK]行。林志颖真的已经38了么？？？,12.154048,5.6653137
27470,1,[MASK]行。简直影响了我前二十年的爱情观,10.946415,5.0648518
28239,0,[MASK]行。这种毫无节奏的动作片真是够了,11.610155,5.349918
19566,1,[MASK]行。冷幽默，不过现实里不可能的事,10.1194515,5.5447736
7291,0,[MASK]行。郑恺真的太适合演喜剧片了哈哈,11.192924,6.0756326
10505,1,[MASK]行。新东方女厨师强力征服霸道总裁,8.670219,3.1732812
33588,0,[MASK]行。陪老婆看的，消磨时光还可以。,10.807279,5.94535
20685,0,[MASK]行。没有一个角色合适，看得尴尬。,11.196166,5.999099
49235,1,[MASK]行。你替她做了你认为对的选择……,10.537833,5.5774627
24584,1,[MASK]行。2008:太空漫游结尾很迪斯尼,8.786802,4.6351414
3586,0,[MASK]行。自带槽点。这妖艳贱剧不一般。,10.905164,5.2624903
31295,0,[MASK]行。剧情这一次幼稚到我一脸懵逼。,11.137029,4.3332376
28400,0,[MASK]行。真的不喜欢如今软科幻的发展方向,12.432874,5.753643
27925,1,[MASK]行。三星半，挺恐怖的，对我胃口！,10.558985,4.6800838
18688,0,[MASK]行。一种类型片叫不哭死不让出电影院,10.732524,5.1226606
44769,0,[MASK]行。颜值赞，剧情无语，可惜了这颜值,10.804647,5.665832
20774,0,[MASK]行。郑爽，你电影学院怎么毕业的？,10.422911,5.6568246
21982,0,[MASK]行。随着时间的推移就不是烂片了？,11.555699,5.3798814
15884,1,[MASK]行。希望秋华和许多化两人能相惜相依,9.15301,4.9798226
9031,0,[MASK]行。营销号真情实感的骗人，不好看。,12.519247,5.9292827
3645,1,[MASK]行。这个妖艳贱货看久了居然觉得好萌,10.720486,4.8904195
31893,0,[MASK]行。感觉这个片的白左癌非常严重啊。,11.762263,5.968575
31028,0,[MASK]行。明明听说很好笑的。又冷又尬。,11.984563,5.9307756
31615,1,[MASK]行。主题曲响起的时候还是被燃到了,10.738984,4.523595
33122,1,[MASK]行。“以后不许王太太坐这个车子！”,10.452833,4.612119
28044,0,[MASK]行。还行啦，一些无伤大雅的玩笑。,10.928391,6.256166
36759,1,[MASK]行。一个体面人拍给体面人看的电影,9.310533,5.0698214
6755,0,[MASK]行。现在电影演员的钱太好挣了………,11.826682,6.514068
9164,1,[MASK]行。也只有极地才会发生这样的爱情。,10.930742,4.682843
31407,1,[MASK]行。手法老练，第一部真的难超越了。,10.585697,6.493894
10293,1,[MASK]行。请不要让庸俗段子毁了这一系列,10.198333,4.1611953
13186,1,[MASK]行。别的不说了就想问什么时候能玩上,11.480471,6.010389
21699,0,[MASK]行。诺兰全面向斯皮尔伯格靠拢的一役,8.97529,2.6388156
11235,0,[MASK]行。为什么这么烂，却这么多人叫好,10.973726,5.8292
19877,0,[MASK]行。小成本国产电影，希望继续加油吧,10.783727,5.71993
38836,1,[MASK]行。电影院版的唯一缺憾是翻译质量,10.458618,5.021706
24082,0,[MASK]行。怎么可以战胜爱乐之城？？？？,9.404068,3.1604912
5114,1,[MASK]行。想来是由纸雕爱上他withbb,8.797106,4.6091294
48385,1,[MASK]行。最牛逼最好看的一部中国好电影。,10.232524,6.003217
28949,1,[MASK]行。哇塞，中国式的神话故事，我喜欢,9.738029,4.520687
26256,0,[MASK]行。我想看十大杰青如何混黑白两道.,11.164821,5.396705
21914,0,[MASK]行。绝对史上坑爹之作！没有之一！,10.168923,4.921241
21294,0,[MASK]行。已经3.7了简直不忍心打一星,11.075533,5.1327972
25811,1,[MASK]行。生活到低谷，那就绝地反击吧！,11.145024,4.0338225
36740,1,[MASK]行。章子怡就是为电影而生，没话说！,10.157595,5.7974143
9890,1,[MASK]行。韩式幽默+韩式叙事，动人又轻松,8.660552,4.866154
18000,1,[MASK]行。作为一个玩家来说还是挺好看的,10.268931,6.170614
3949,0,[MASK]行。可怜的女主，屁股都快被捏烂了,11.652804,5.363605
42337,1,[MASK]行。插水果，你要喊蔡明亮一声爸爸。,10.446323,4.104808
45393,0,[MASK]行。其他活下来的几个竟然都是处子,11.34812,5.3762236
47040,1,[MASK]行。经典在于特效技术里程碑式的突破,8.081116,3.378156
13001,0,[MASK]行。还算让我感觉没后悔去看的国产片,11.88925,6.397483
45894,0,[MASK]行。刘亦菲最近也开始频繁接烂片了,11.442232,5.6320915
26003,0,[MASK]行。打不赢敌人就去开个超人外挂……,10.936449,4.9334335
34025,1,[MASK]行。还行吧，蛮可爱的。不如前两部。,11.668325,7.2083197
48650,1,[MASK]行。虽然想想很脑残但还是很感人啊。,10.47945,5.874889
8805,1,[MASK]行。对照第三稿剧本，重看第五遍。,9.623272,3.5927649
49953,0,[MASK]行。不好说啥0亮点催眠神器lol,10.182507,5.477
5983,0,[MASK]行。老是撞在柱子上的那只龙好可爱,10.911458,5.0181594
34065,0,[MASK]行。好无聊，wasteoftime,10.591577,4.6089473
19658,0,[MASK]行。看过的最烂的片子，没有之一！,11.323274,5.6899695
11076,0,[MASK]行。谷阿莫！快看！这里真的有天使！,9.304934,3.9132931
5342,1,[MASK]行。说不清是什么，就是很酷很过瘾。,9.799005,7.279106
4506,0,[MASK]行。我真后悔……我快进拉到最后了～,12.344029,5.0380497
18274,0,[MASK]行。阮经天cos陈可辛可真像啊…,10.786924,5.52876
25892,0,[MASK]行。dceu正在上演上帝已死的惨剧,9.169963,3.0390298
48546,1,[MASK]行。陪小朋友看，结果自己太感动了。,11.152843,5.707404
31349,0,[MASK]行。论西装还是丹尼尔·克雷格最有型,10.93295,4.703516
10759,0,[MASK]行。其实可以更差的。。。。。。。,9.736606,5.0773344
29842,0,[MASK]行。我居然脑残的追着快进完了。。,11.418531,5.2768683
35791,0,[MASK]行。铁打的黄立行流水的烂片灾难之作,7.3136916,2.5015886
16938,1,[MASK]行。一出绑架幽默背后人心人性的救赎,7.16727,2.4432402
28078,1,[MASK]行。反转太多了吧，瑞秋还是那么美,11.134983,4.809909
20257,0,[MASK]行。中国狗不咬中国人，还敢拦水箱,11.35532,5.083207
39811,1,[MASK]行。无情的嘲讽了所谓“人工智能”,9.025652,3.127117
16642,1,[MASK]行。如此迅速的致敬水形物语（微笑,8.527947,3.8396196
47709,1,[MASK]行。有点纠结外星人为什么是纯墨鱼！,11.567184,5.326551
25434,1,[MASK]行。很好看啊，不知道为何评分这么低,11.569765,7.3415575
38061,1,[MASK]行。太爱了冯导简直是我这段时间偶像,10.985935,5.611822
33092,1,[MASK]行。爱是走向彼此，不是等对方走近,9.58292,4.267213
33648,0,[MASK]行。应该是“全明星整容”了。。。,10.773611,5.5662827
15499,0,[MASK]行。所以你们为什么不住在瀑布旁边？,11.513974,4.2083216
16823,0,[MASK]行。电锯惊魂七宗罪狙击电话亭粗搭。,8.960479,3.1257381
49907,1,[MASK]行。完美不是控制出来的是爆发出来的,10.991471,4.682199
22491,1,[MASK]行。情节可以，比很多国产脑残强多了,10.155001,5.3494654
24548,1,[MASK]行。很感人，但不希望有这样一天到来,9.628564,5.548312
14308,0,[MASK]行。张柏芝越来越难看了，演技也很差,12.487557,6.0635457
44950,0,[MASK]行。这列火车有妖气，沃伦夫妇如是说,8.632211,3.2161603
42017,1,[MASK]行。这就是一部牛逼的电影，而已！,10.447439,5.8174334
48016,1,[MASK]行。飛機上無意看到的，真的感動。,6.9539266,3.0107255
12418,1,[MASK]行。它是来谈情的，不是来搞笑的。,10.025033,5.049241
37920,0,[MASK]行。这点破事儿至于吗老戏骨们真棒,10.236054,5.153674
50225,0,[MASK]行。怎么下成这个版本。。。去你喵的,10.237805,3.2012188
22143,0,[MASK]行。这…配乐可能用了上百首曲子吧,10.119531,4.4698033
1666,1,[MASK]行。匹夫之怒，也可以改变自己的世界,8.5957365,2.83687
9671,1,[MASK]行。比黑豹好看多了仿佛在玩ps5,10.754959,6.4651036
10822,0,[MASK]行。嗯………………到底电影想说什么,10.656176,5.5310125
44187,0,[MASK]行。对不起我心中的跛豪只有吕良伟,11.0727825,5.2026577
10914,0,[MASK]行。片子2颗星，加演员三颗星。。,9.786893,5.56175
44479,0,[MASK]行。這故事告訴我們的交女朋友請慎選,9.730408,3.5553453
27408,1,[MASK]行。年轻的小李子太帅了！简直神颜！,11.7086735,5.15337
44635,0,[MASK]行。我的天，这种东西真的有人跑去拍,10.55248,5.515377
30194,1,[MASK]行。太好看了吧，在电影院里默默流泪,11.377723,5.9098186
15827,1,[MASK]行。皮克斯就是他妈的世界的主宰！,10.377181,4.360135
30988,0,[MASK]行。看完过来找豆瓣，豆瓣也没弄明白,11.608178,5.508528
17821,1,[MASK]行。要相信幸福总会来的，只要你坚持,10.262077,5.1595306
17715,1,[MASK]行。等幸福来敲门吧(??.??),10.434015,4.836387
46111,0,[MASK]行。“跟养父相比，亲爹是个球。”,10.423365,5.3449326
13075,1,[MASK]行。过去的别太在意该怼的就怼回去,9.530525,5.1169004
13037,1,[MASK]行。小清新，台词有亮点，超出预想哦,10.16098,5.914201
12577,1,[MASK]行。╭(°A°`)╮逆天的萝莉睫毛,10.007476,4.828268
16887,0,[MASK]行。觉得还行，本来就是见仁见智，,10.056217,6.316427
35008,0,[MASK]行。（5.0）谢天谢地，结束了。,9.271873,4.3879285
11942,1,[MASK]行。“为什么太阳这么红还是这么冷”,10.321687,4.551633
30009,1,[MASK]行。结局很幸福很幸福很幸福!!!,9.940245,4.525271
12607,1,[MASK]行。好喜欢夕阳下两人互动的剪影。,10.343973,6.0120764
8591,0,[MASK]行。没有任何看点的一部无聊电影。,11.703812,6.5487704
11096,0,[MASK]行。全世界的天使都藏在一个学校吧…,10.039198,4.5437937
42767,0,[MASK]行。本片属于一个精心包装过的烂故事,10.248486,4.7466097
24043,0,[MASK]行。怎么感觉和《你好，疯子》雷同,11.118268,6.192996
9954,0,[MASK]行。别再让田壮壮写信了小心脏受不了,10.504861,4.239171
21243,0,[MASK]行。一群智障看得想哭，心疼男神。,10.6938715,5.2320642
38811,1,[MASK]行。Gary终于成了oldman,9.240411,4.284358
3589,0,[MASK]行。讲道理，张若昀看久了真的很帅,11.52123,6.0613647
32333,0,[MASK]行。看到最后感觉自己都出现幻觉了,11.668136,5.489796
21340,0,[MASK]行。滚！好想给张嘉佳寄一坨狗屎。。,11.075015,3.80324
6669,1,[MASK]行。比想象的好多了，向一眉道长致敬,9.639583,5.294556
34587,1,[MASK]行。4.8……结尾剧情扣分！扣分！,10.644903,3.1635592
8089,1,[MASK]行。能看到黑珍珠号重返大海就很好,10.400536,5.7529006
27781,0,[MASK]行。冲着女王看的，结果平庸得一逼。,10.434985,5.2021713
17678,1,"[MASK]行。希望在明天,但之前一定要努力",10.610393,5.8607154
20607,0,[MASK]行。还骨科了一下，女主恐成最大赢家,11.013526,4.7870708
24678,1,[MASK]行。瓦力太可爱了吧！！！萌屎了！,10.9939785,4.6660285
47129,1,[MASK]行。看了三遍啊……画面巨给力啊……,11.353549,6.0405307
36148,1,[MASK]行。接盘狂魔沈炼，结尾崩了可惜了,10.075749,4.6583056
17750,1,[MASK]行。典型美国人电影，美国人，美国。,9.288411,4.812064
42830,0,[MASK]行。用心良苦却成空，速度啊速度~,9.694651,4.696141
15804,1,[MASK]行。我相信终会有一天我们还会再相见,9.92662,5.684552
49054,1,[MASK]行。喜欢。但是，好像不是喜剧片。?,11.052079,6.9272647
10496,1,[MASK]行。周冬雨，华语影坛第二个张曼玉！,10.004764,5.248914
42198,1,[MASK]行。特别想吐槽花房那个人像！！！,11.227923,5.459917
24691,1,[MASK]行。真的太喜欢这部动画片了陪伴与爱,10.000131,5.213362
11156,0,[MASK]行。其实还不错啦，评分这么低……,10.665384,6.419729
45234,0,[MASK]行。2013.8.22。差评……,10.46394,4.8151093
32455,1,[MASK]行。大概广电局也不知道该从哪里剪,11.683878,5.05892
6469,1,[MASK]行。完成度非常高，令人不寒而栗……,7.87623,3.8283198
30631,1,[MASK]行。特效場面做的很棒！滿刺激的喔,9.345978,5.0372505
17045,0,"[MASK]行。有义务打一星有辱""电影""二字",7.7196107,2.8784978
14521,0,[MASK]行。又一部无极式大型跳大神晚会。,8.698639,4.050743
28500,1,[MASK]行。外星兄dei，手捧雷了解一下！,9.243426,4.5041776
36223,0,[MASK]行。没有更烂，只有最烂，浪费生命。,10.296533,4.825507
5708,1,[MASK]行。好喜欢好喜欢好喜欢那个傀儡师！,10.2532835,5.7294345
21585,1,[MASK]行。哎我覺得沒你們說得那麼糟啊？,9.662987,4.1796865
25012,0,[MASK]行。自带歌单的飞车强盗青春偶像片。,8.637153,4.5059004
11736,0,[MASK]行。呃呃。。改良。。各种改良~~,10.265706,4.9119415
35401,1,[MASK]行。不用恶心人也能干干净净拍撤侨。,9.472132,4.7289066
36426,0,[MASK]行。说实话也就膜拜下娜扎的颜了。,11.62872,6.079257
39023,1,[MASK]行。在黑白的人生里画最明媚的色彩。,7.367857,3.507049
14387,0,[MASK]行。看了一集，感觉套路很似曾相识啊,10.61211,5.234178
1541,1,[MASK]行。挺好看的，男的确实存在感很弱。,10.415237,5.958798
41018,0,[MASK]行。导演是个好影迷，却是个烂编剧。,12.168615,6.3707595
49385,0,[MASK]行。我家FiFi演技真是越来越渣,12.061938,5.6230407
42443,1,[MASK]行。苦等一年就是为了变弯的这一天,9.935492,4.7834992
36336,1,[MASK]行。很喜欢这部电影，出乎意料的赞！,10.701951,6.444838
7237,0,[MASK]行。郭采洁还可以。其他乏善可陈。,10.778262,6.1897902
38114,0,[MASK]行。人类已经无法阻止CCTV6了。,11.015457,4.544349
42594,1,[MASK]行。少了一些亮点，仍然值得一看的。,10.640916,5.783593
35733,1,[MASK]行。要做第二个斯嘉丽约翰逊吗？！,12.135294,5.6159086
10965,0,[MASK]行。很烂的片。。。MYDOG。。,11.250009,8.302063
30930,0,[MASK]行。一颗星给那个俄罗斯女人的身体。,9.340803,3.9911752
2483,0,[MASK]行。太平庸了德普在海报最大纯属骗钱,10.263507,4.1861215
1361,1,[MASK]行。里面的布拉德皮特帅的掉渣……,11.690955,5.6460285
49242,1,[MASK]行。原来过得很快乐，只我一人没发觉,10.070091,5.372872
10950,1,[MASK]行。嗯。秀波叔叔演技不错滴。^^,10.820386,6.263192
27082,0,[MASK]行。THISISSOBORING.,10.323018,2.9378679
22279,1,[MASK]行。谢谢你，我人生中宝贵的一课。,8.65043,4.92534
33956,0,[MASK]行。老套路。小黄人还是依旧欢乐！！,10.274667,3.8554895
15504,0,[MASK]行。最后怪物能被爆头真的是败笔啊。,12.144753,4.8294992
13112,1,[MASK]行。黄小仙儿你就是我的精神导师！,9.9142065,4.6696978
16581,0,[MASK]行。我长大了，还是更喜欢泰迪熊…,11.175991,4.978972
35230,0,[MASK]行。剧情俗套。其他还好，很刺激。,11.476626,6.291528
10897,0,[MASK]行。应该还会有第二部的吧。。。。,12.007306,6.380474
31940,1,[MASK]行。在网上看过，很萌很搞笑，喜欢?,9.674853,5.302018
45331,0,[MASK]行。几乎可以说，，看过后都会吐槽把,10.305036,5.063434
12597,1,[MASK]行。唯愿孩儿愚且鲁，无灾无难到公卿,7.3428917,1.660123
5746,1,[MASK]行。还是这货的哥特风童话看起来带劲,11.736647,5.841521
46579,0,[MASK]行。我觉得还是这个分数更适合它。,10.761749,5.5178876
17091,0,[MASK]行。除了打出一星，我什么也不想多说,10.270897,4.792973
2667,0,[MASK]行。就是特别地不舒服，说不清为什么,12.925272,6.9410787
24535,1,[MASK]行。好可爱啊陪伴才是最长情的告白,9.569945,4.2455573
24008,0,[MASK]行。可怕，能做到如此尴尬也是不容易,10.641078,5.360813
41205,0,[MASK]行。求求各路导演了，放过西游记吧！,11.120076,5.199943
28103,1,[MASK]行。我个人觉得最出彩的居然是配乐。,11.630886,6.048914
44611,0,[MASK]行。剧情和迪丽热巴真的都满是槽点,11.6858425,5.0960193
16147,1,[MASK]行。从头到尾的性爱，重头到尾的梦,8.962174,4.058387
14989,0,[MASK]行。我去年买了个登山包。。。。。,11.746595,6.7322803
46990,1,[MASK]行。一个世界在等待……静候山口山,7.826716,3.2490525
4237,1,[MASK]行。最后和青山兄弟那一笔确实过了。,10.101075,5.551855
44008,0,[MASK]行。年度最佳台词“XXX大粑粑”,9.454629,4.3892355
41145,1,[MASK]行。诚意之作，制作团队是群会玩的。,8.758829,5.558903
36644,0,[MASK]行。导演驾驭故事的能力太自我过高了,12.665766,5.5972204
41501,1,[MASK]行。周星驰客串的到底是谁？？？？？,10.657046,4.9297557
49187,0,[MASK]行。没有特别的新意，处女作还行。,10.643334,7.501228
25288,0,[MASK]行。碰上小马哥，真是苦了这三位了。,10.752788,5.000236
21374,0,[MASK]行。豆瓣网友是全世界最正义的网友,9.839304,3.8714218
18596,1,[MASK]行。《土拨鼠之日》+《毛骨悚然》,8.09726,3.3609214
50321,1,[MASK]行。高中还是初中看的，觉得好好看,11.282461,6.583406
27865,0,[MASK]行。凑合能看看，放在十几年前还可以,10.569881,6.175711
11442,0,[MASK]行。好看的都是嘴炮，叙事全靠旁白。,11.019093,5.7419667
7482,0,[MASK]行。没哭点啊，女主整容太明显了。,11.158615,5.5959167
32440,1,[MASK]行。人在梦境里会放下所有的心防。,9.108294,4.0657206
12645,1,[MASK]行。普通（素质）教育VS精英教育。,9.871582,3.379502
40676,1,[MASK]行。第54届台北金马影展最佳剧情片,7.3462944,2.3372328
5764,1,[MASK]行。控制傀儡的男孩太像吴亦凡。。。,9.6907215,4.5659294
40797,0,[MASK]行。只有王丽坤和她两个闺女那段能看,12.229595,6.037859
41151,1,[MASK]行。这一次，我们都是猴子请来的救兵,10.060239,4.2610025
40595,1,[MASK]行。一定要活的像人样三代人都不像人,10.954742,4.6051993
41968,1,[MASK]行。一部充满黑色幽默的搞笑电影。,9.575489,4.9961495
7947,0,[MASK]行。这系列没救了，什么影帝都没用,11.427445,4.6201878
30008,1,[MASK]行。看了才知道是陈楚河，有点无语。,11.721806,5.665239
43142,1,[MASK]行。本来是五星，看到末尾变成四星了,9.467625,3.9055543
44011,0,[MASK]行。张译演技真好，可惜剧本没写好,11.182476,5.941188
43085,1,[MASK]行。雷佳音，怎么可以这么逗。哈哈哈,10.972126,5.2222137
43637,0,[MASK]行。菲利普就是宗教洗脑的典型~~~,10.865164,5.3295445
12587,1,[MASK]行。侄女太漂亮了！不知道长大得多美,11.377437,5.6411905
40050,1,[MASK]行。太可爱了，超能男子高中生的日常,10.210203,4.647459
47187,1,[MASK]行。努力付出的人有回报永恒的经典,8.5257435,3.3458397
28179,0,[MASK]行。电视剧手撕鬼子，电影手撕毒贩！,10.5766115,4.766441
20838,1,[MASK]行。反正追了两天居然觉得看得下去呢,11.24948,5.8667083
6314,0,[MASK]行。揭开儿童与成人所谓恋情的遮羞布,8.675636,2.2915812
9193,1,[MASK]行。略科幻，生存不易，爱在坚持。,8.548197,3.7134333
33309,1,[MASK]行。结局反转太精彩了，值得推荐。,10.861473,5.3973217
1870,0,[MASK]行。我错了！我怎么会来看这种垃圾！,11.239373,4.465554
9641,1,[MASK]行。很刺激的一步电影女主角很勇敢,8.936686,5.604548
5045,1,[MASK]行。四个寓言小故事，简单也有意思。,8.717593,4.5476737
15168,0,[MASK]行。偶像们，能不能不端着，说人话？,11.910764,4.654293
1340,1,[MASK]行。结局真的很惊人。惨绝人寰……,11.066744,4.432568
5908,0,[MASK]行。怎么好像是第一集又拍了一遍？,12.388031,5.8420763
12942,0,[MASK]行。真他妈难看，亏你宣传得那么好。,11.117723,5.3078165
43131,1,[MASK]行。很感人尤其是那种绝处逢生的感觉,8.8799715,6.92946
49748,0,[MASK]行。舞跳得太紧绷了，演得也太紧绷了,12.362569,5.7774243
29787,1,[MASK]行。挑不出什么缺点连俗气都是优点,9.993696,6.1699324
16481,1,[MASK]行。如果抱怨太多，是因为经历太少。,10.773084,5.7265387
35990,0,[MASK]行。你们可以都过去再把桥砍断的吧,12.004797,5.530584
30157,1,[MASK]行。至少比我想象的还是好看多了吧。,11.627006,6.8539643
29562,1,[MASK]行。深夜碰杯，都是梦想破碎的声音,8.817007,3.6734672
16454,1,[MASK]行。事物的正反两面，看你相信哪个。,10.090427,4.3183923
42494,0,[MASK]行。什么玩意儿啊········,10.595154,4.4652233
33512,0,[MASK]行。没看出来和那首歌有什么关系。,11.864711,6.1963964
22753,0,[MASK]行。你们星战粉看的开心就好...,9.912362,5.6365976
39093,0,[MASK]行。烂死了，没有之一，一星给王菲,9.914277,5.435086
38112,0,[MASK]行。人类已经不能阻止CCAV6了！,10.761765,4.1957545
10698,1,[MASK]行。上周买了票没空去看，这周补看了,10.901834,5.683266
44839,0,[MASK]行。Iwantplayagame,8.11879,1.8071452
6608,0,[MASK]行。一般的僵尸片最后都死了？？？？,12.144506,5.164642
43134,1,[MASK]行。我们国家为什么拍不出来？？？,11.210871,5.6140823
39893,1,[MASK]行。很简单的故事，节奏处理得很好,9.539028,6.335435
22323,0,[MASK]行。战争片变惊悚片然后就很无聊了,11.4314375,5.324779
26706,0,[MASK]行。不难看。gleeson小哥真嗲,10.167461,7.7875967
45382,0,[MASK]行。难得看到好莱坞特效这么假的…,11.071225,5.385183
27737,0,[MASK]行。太难看了，看了十五分钟就关了。,13.025549,6.0710015
36173,0,[MASK]行。为了看马国明，没想到什么也没有,10.095492,4.478461
40625,1,[MASK]行。女性视角下的故事。人性复杂。,6.6329947,3.0038612
19180,0,[MASK]行。让我冷静一下……全是槽点，哭泣,11.441136,4.8117476
14483,1,[MASK]行。挺好看的，希望女主赶快崛起！,10.393364,6.070557
30358,0,[MASK]行。不算太喜欢，张晋这个样子不帅,11.423305,6.578082
33669,0,[MASK]行。现在看见岳云鹏那猪脸，就觉得烦,11.376455,6.0870447
2114,1,[MASK]行。同学们，这是职场教科书啊！！,10.781224,5.139629
26848,1,[MASK]行。轻松幽默可爱，适合带孩子去看。,9.801483,6.3978386
50010,0,[MASK]行。为了维护宇宙和平，美国不能禁枪,11.62176,2.8237016
13445,1,[MASK]行。可以可以，DC坟头上一把新土,10.72511,4.516213
28496,1,[MASK]行。只觉得刨腹那个镜头特别像GV,12.926995,6.984868
49775,0,[MASK]行。梦之安魂曲+搏击俱乐部+摔角手,8.44552,3.1491566
4552,0,[MASK]行。自我生存和自我毁灭之间的博弈,7.856656,1.9601249
16117,0,[MASK]行。2.0，女主一看就是假面超人。,10.85362,5.6363683
46960,0,[MASK]行。为毛我没觉得好看呢？我肯定异类,10.973186,5.364754
36843,1,[MASK]行。奥黛丽赫本是真的美永远的美人,10.322649,5.3622527
17189,1,[MASK]行。让观众看到一个不一样的朝鲜。,9.4149885,4.916049
43058,1,[MASK]行。整体一般，前面搞笑后面感人。,10.841549,6.1462564
19749,1,[MASK]行。碉堡了！不知道什么时候上映。,10.94966,4.8111854
25758,1,[MASK]行。全片最大的亮点就是鱿鱼了哈哈哈,10.786236,5.4349294
15667,0,[MASK]行。无后同性恋们的一场极大的噩梦。,9.004822,2.7000575
29728,1,[MASK]行。希望有生之年出柜电影不复存在。,10.576928,4.8012424
29741,1,[MASK]行。爱是彩色糖衣包装却没营养的药药,10.248068,4.0771604
23122,1,[MASK]行。全给山东天后那段舞和CG视效。,11.246188,4.9587436
48656,1,[MASK]行。这世间，唯有爱和梦想不可辜负。,8.122131,3.408502
49271,1,[MASK]行。泪目。不论如何，你开心就好。,10.435354,4.9049315
7950,0,[MASK]行。14年了，终于在第五部睡着了,10.819544,5.2778063
21065,0,[MASK]行。连胡巴也不可爱不萌了，失望。,12.291386,5.423665
18054,0,[MASK]行。单纯的不喜欢李易峰的表演……,12.254324,5.814794
12039,1,[MASK]行。戴着脚镣的跳舞值得所有的尊重。,10.218058,4.323162
37494,0,[MASK]行。开心麻花的东西说实话，不叫电影,11.032158,5.8644533
25694,0,[MASK]行。……满满地都是贺岁片的套路。,10.725282,5.0858397
47340,1,[MASK]行。老师介绍看的，超励志的一部电影,10.517267,5.8832626
14283,1,[MASK]行。追剧中，喜欢杨子珊那股子劲儿～,9.989863,5.364614
15923,0,[MASK]行。欢声笑语中打出gg.什么狗屎,9.542569,4.108382
39858,1,[MASK]行。难，在于对专业对自己的坚守。,9.989017,5.99967
46078,1,[MASK]行。反正我是很喜欢，打四分不为过啦,9.511546,6.158088
1937,0,[MASK]行。这种天庭杀马特风无论如何忍不了,10.725704,4.647367
45811,1,[MASK]行。一山不容二猩；景甜是来干啥的？,10.119654,3.9180415
2173,1,[MASK]行。范伟举手投足，一呼一吸都是戏。,9.018203,4.789986
36106,1,[MASK]行。杨幂你在里面到底是干嘛的……,11.605918,5.5897903
42877,1,[MASK]行。唐嫣蛮漂亮的，李明浩也不错。,11.551319,6.8442245
26815,1,[MASK]行。太可爱啦！！！英国乡村也好美呀,9.724824,4.745149
6790,0,[MASK]行。邓超我对你越来越失望了！！！,10.69749,5.265521
33986,1,[MASK]行。也只有Steve能双重治愈我,9.874339,5.0969224
23983,1,[MASK]行。『电影首发站』先睹为快获奖影片,7.9866037,2.8120217
46095,0,[MASK]行。一觉睡醒，发现什么都没错过。,10.40449,5.2666674
41418,0,[MASK]行。誰人不想上舒淇，文章你個大傻逼,9.759486,4.244962
6071,1,[MASK]行。导演真的可以救一个平庸的剧本,12.052836,6.1782537
20801,0,[MASK]行。我妈逼我看然后我就看完了……,11.423075,6.3658195
19650,0,[MASK]行。烂死了！没见过这么烂的片！！,11.242934,4.8720737
32378,1,[MASK]行。我似个没文化的不能理解。。。,11.378919,5.608993
25154,0,[MASK]行。内地风格商业烂片，我竟然看完了,11.19074,5.5803995
4601,0,[MASK]行。也就是一部票房比较高的喜剧吧,10.41157,6.109406
41163,0,[MASK]行。一个“烂”字都不足以表达吧。,11.401524,6.144407
30927,1,[MASK]行。难以忘记第一部带给我的震撼。,10.038001,5.7244024
28101,1,[MASK]行。很欢乐，而且还有女神主演哈哈,10.3018675,6.818537
47519,1,[MASK]行。从现在起，我们是一分钟的朋友,9.693219,4.6711802
38559,0,[MASK]行。没有哈莉奎恩的话就是个烂片。,11.973268,6.461598
13647,1,[MASK]行。强行反派再强行洗白的一个个角色,8.807979,3.768797
39397,1,[MASK]行。3.5。幻灭的理想主义最动人。,9.254682,4.274574
42016,1,[MASK]行。还记得是10几个人一起去看的,11.116963,6.519549
35546,0,[MASK]行。不如再看一遍《极寒之城》。。。,11.957144,5.0462966
20894,0,[MASK]行。拆散专家？取名字能有水平吗？,8.794463,3.492759
26697,0,[MASK]行。一些情节我不是很认同适合小孩子,11.680902,5.330396
11707,0,[MASK]行。电影可以烂，但怎么能烂成这样,12.454863,6.1558514
37539,0,[MASK]行。太可怕了，烂片都开始互相致敬了,11.472571,4.8943567
27995,0,[MASK]行。大赢家是黛比啊！！！想成为黛比,10.557773,4.9872108
11725,0,[MASK]行。2009年的王晶还活在上个世纪,9.030127,3.7015877
33584,0,[MASK]行。那个李现有种陈柏霖的既视感。,11.043337,6.848721
40473,0,[MASK]行。超级大烂片风行上还给9.1骗人,10.064196,3.739765
36190,0,[MASK]行。可以不给星吗？根本看不下去！,11.832374,4.726731
16216,0,[MASK]行。不知道应该怎么形容这么烂的电影,12.246046,6.7676954
4961,1,[MASK]行。其实看我大重庆美景也是不错的,10.843259,5.807292
40103,1,[MASK]行。为“没有苦大仇深的剧情”加一分,9.884982,4.4072423
22574,0,[MASK]行。底特律黑又硬狂上亚裔女版乔杉,10.070226,4.472585
30278,0,[MASK]行。哎，编剧有问题。可惜了剪辑。,11.904051,5.4916387
35363,0,[MASK]行。大过年的我是为什么要来看这个…,11.006128,4.8601613
10121,0,[MASK]行。推理硬推?演戏硬演?好尴尬啊,12.215225,5.485451
39273,0,[MASK]行。唉。为冯裤子的粉丝感到捉急。,11.788993,5.3536367
41556,1,[MASK]行。黄渤在剧中的演出真是一大亮点。,10.639875,5.4365935
18667,1,[MASK]行。被预告片吸引，正片也不错的！,11.706745,6.631487
5035,1,[MASK]行。到八十岁仍愿意相信的真童话。,8.917704,4.4092383
45655,1,[MASK]行。金刚狼3：未来白他妈逆转了。,10.665213,4.4120827
50195,0,[MASK]行。原来你是我看错的那部啊...,11.776467,5.3535166
49914,1,[MASK]行。很多段都看得从头到脚都冷了……,11.088338,5.6245313
24015,0,[MASK]行。导演：来人，喂各位观众吃屎！,10.679552,4.2272377
17650,1,[MASK]行。WS转型成功～儿子怎么这么乖？,9.560033,5.1826973
20638,0,[MASK]行。2015.6.15@Home,9.414578,3.584717
13271,1,[MASK]行。希望微信周二周四也不能访问。,12.437768,3.9503162
39588,0,[MASK]行。这片子貌似又没有成龙一样拍啊。,12.324394,6.259772
6926,0,[MASK]行。真的特别一般……………………,11.041212,5.9001684
30998,0,[MASK]行。前面没看也不知道在讲啥。。。,10.872833,5.934102
46517,1,[MASK]行。（我在电影院放声痛哭太丢人了,11.713259,5.1633916
4762,1,[MASK]行。好看的，前几天看过还是很好笑,10.559818,5.9939647
43798,0,[MASK]行。剧情差得也太远了。。。各种逗比,12.35111,5.1586194
34487,0,[MASK]行。??抗德神剧手撕鬼子玛丽苏女王,9.916942,3.8246686
19236,0,[MASK]行。整部片子看下了就两个字：幼稚！,11.738703,5.867026
39675,1,[MASK]行。这次风格的转变可以说很成功了！,9.559023,5.874528
16517,1,[MASK]行。每一帧都可以截下来当壁纸啊！,10.5231495,6.1030183
13687,1,[MASK]行。看到小杰克就懂亲妈粉的心态了,10.882519,5.3196125
46308,0,[MASK]行。可以彻底把这导演拉进黑名单了,11.224537,5.1265225
6165,1,[MASK]行。恐龙吃人时影院里一片欢声笑语,9.576125,4.413077
5119,1,[MASK]行。最喜欢秃头公主和百变公主的故事,9.317618,4.7283325
40960,0,[MASK]行。烂到想哭。果然讨厌3D动画。,11.987465,5.9843554
42257,0,[MASK]行。爬山那段景色蛮好的，加一分。,9.998874,5.545103
49274,1,[MASK]行。澳门风光片，讲述塑料花姐妹情。,7.917427,3.7959912
5772,1,[MASK]行。超级好看好吗！为什么评分这么低,10.729828,5.71401
18590,1,[MASK]行。hmmmmmm不剧透了总之感恩,9.338489,4.866812
10264,1,[MASK]行。想强奸高跟鞋护士装的刘昊然。,11.026211,4.6522183
23283,1,[MASK]行。太牛逼，心情激动，无法进行影评,10.963143,4.512061
41966,1,[MASK]行。“麻匪帮开个牛郎团都够啦！”,9.471828,4.7948384
34053,0,[MASK]行。古天乐一年一烂片。明年请继续,11.391535,5.9149113
20112,1,[MASK]行。人们都只是看着旷世奇才的陨落,10.903645,4.623657
24714,1,[MASK]行。这是一只安卓和苹果的故事么。。,10.778714,5.2117457
13017,1,[MASK]行。从此之后好多基佬都自称X小贱，,9.237633,4.1815114
2121,1,[MASK]行。导演的节奏不对，别的都挺好。,12.566846,6.931645
41091,1,[MASK]行。非常感人特效不错的国产动画片,9.9738,5.7460885
22878,1,[MASK]行。ILOVEDIEGOLUNA,7.626435,2.3060896
6800,0,[MASK]行。2颗星全部给带给我妈妈的欢乐。,8.650288,4.4493475
28610,0,[MASK]行。好无聊的电影啊，又乱又吵。。。,11.007447,5.038026
15282,0,[MASK]行。演员粉还是忍忍别看了容易脱粉?,11.690608,4.97758
26952,0,[MASK]行。真是太糟糕了！亏得还有陈伯霖,10.722028,3.9974806
32300,1,[MASK]行。看過的少數算得上的國產片之一。,8.920983,4.5248475
36866,1,[MASK]行。男女主最后的对视让人心都碎了,11.086602,5.118356
16290,0,[MASK]行。觉得张雷在里边的表演很出彩。,11.604225,6.925003
43927,0,[MASK]行。靠，三爷和兵长怎么成这样了？,11.226678,4.3456783
13733,1,[MASK]行。好想知道爸爸给妈妈的礼物是什么,11.186999,5.789438
27337,1,[MASK]行。最好的小李子，杰克真是太惊艳了,10.742689,4.9329915
50567,0,[MASK]行。原来黄晓明很早的时候就负责二了,9.9922085,5.166228
16352,0,[MASK]行。评分又虚高了忍不住打两星??,11.654838,5.067741
15824,1,[MASK]行。皮克斯他妈简直是世界的主宰。,10.480328,5.044988
40911,1,[MASK]行。除了姚晨和包贝尔，一切完美。,8.99757,5.6703477
12680,1,[MASK]行。克里斯你喜欢孩子吗？我和你生,10.305165,4.1964097
8752,1,[MASK]行。大叔好帅啊，配汤唯毫无违和感。,11.479994,6.052375
16620,1,[MASK]行。可爱、善良、温暖的帕丁顿熊。,7.4561553,3.5057425
30886,1,[MASK]行。猩猩版《越狱》+《出埃及记》,8.525004,3.3114913
13305,1,[MASK]行。看！得！太！开！心！！了！！！,8.829704,3.715362
10652,1,[MASK]行。拍得很克制，却依然真实得可怕。,10.134442,6.176258
50541,0,[MASK]行。原来ccav放过好多遍了啊。,11.730561,5.9285593
11145,0,[MASK]行。题材挺不错的，就是拍的不好。,11.031618,7.283967
35042,0,[MASK]行。最后真烂尾，纽特就这么走了。。,11.070919,5.414581
11966,1,[MASK]行。哭了只有片头和片尾有3D效果,11.754812,5.022989
27108,0,[MASK]行。全片弥漫着一股肥宅的头油味。,9.31997,4.8183255
37015,0,[MASK]行。一颗星给文章那场戏以及电风扇,10.644023,5.233964
35446,1,[MASK]行。没多刻意煽情，战争场面拍的好,9.668608,6.0924687
32179,1,[MASK]行。平民喜剧加黑色元素加现代叙事,7.891359,3.081165
4748,1,[MASK]行。除了实在不喜欢王，其他都很好,10.053602,6.5777974
13051,1,[MASK]行。每个傻妞的身后都有一个贱男。,10.92467,5.2962017
37811,1,[MASK]行。搞笑和道理齐飞，很喜欢的电影,9.309459,5.535423
28938,1,[MASK]行。这么老套的故事居然看的十分感动,10.917563,4.6856346
43139,1,[MASK]行。拯救一个人，就是拯救整个世界,9.756043,4.2546506
47334,1,[MASK]行。经典励志电影。母亲真的很伟大。,9.636308,5.1488595
23677,1,[MASK]行。剧情和演员都很给力，值得一看。,11.484754,8.022764
31106,0,[MASK]行。贱贱不敌嘴炮，奥德曼久违的反派,9.174882,3.7614975
27812,0,[MASK]行。没有气氛，没有创意，没有反转。,10.955427,5.436784
40214,1,[MASK]行。人家的主旋律总能甩我们八条街。,11.475604,5.6990757
7054,1,[MASK]行。分裂Split(2016)。,7.5741963,1.043139
41056,1,[MASK]行。国产动画的一个进步吧，挺不错,10.812733,6.9423003
33121,1,[MASK]行。“以后不准王太太坐这个车子”,10.553016,4.4991646
11172,0,[MASK]行。故事本来是好的，但表现有些弱,10.832731,4.741524
37687,0,[MASK]行。比夏洛好多了，只能这么说服自己,11.308119,5.6005793
6150,1,[MASK]行。这部叫《侏罗纪古堡》更贴切些。,10.646482,5.6467094
40252,1,[MASK]行。救人75命，胜造525级浮屠。,6.3858085,2.0488703
14586,0,[MASK]行。我都怀疑这个片子时长五小时……,11.921146,5.8664904
48388,1,[MASK]行。段小楼是假霸王，虞姬是真虞姬,10.139467,3.873624
5656,0,[MASK]行。结尾大作战部分，严重拖了后腿。,11.320232,5.0711246
23506,1,[MASK]行。想买戴森吹风机，一星给吹风机。,10.881882,5.6694217
45691,0,[MASK]行。金刚和骷髅怪打起来太他妈帅了.,11.75364,5.828854
40606,1,[MASK]行。全员恶女的戏，哪有不好看的。,10.819284,5.3477383
27708,1,[MASK]行。既然唱歌能拯救世界，那就唱吧！,10.538338,4.836994
28579,0,[MASK]行。14.06.02cinema,7.786316,2.6649256
6414,1,[MASK]行。真的好喜欢看劳拉·邓恩演戏啊,11.404583,5.9514894
2813,1,[MASK]行。黄晓明和邓超的演技加了一颗星,10.997769,5.56156
45707,0,[MASK]行。一支穿云箭，千军万马来相见。,6.424849,2.0772545
36483,0,[MASK]行。梦想还是要有的，万一实现了呢。,10.84671,5.783925
38654,0,[MASK]行。丘吉尔应该被传销行业奉为神。,10.884541,4.3581524
50539,0,[MASK]行。为什么背景音乐是东方红？？？,10.731362,4.408149
21069,0,[MASK]行。10岁小孩看的真人动画片水平,11.258771,5.6734977
3177,0,[MASK]行。为什么最后不是一场真实的梦境？,9.756648,4.483793
26863,1,[MASK]行。治愈了我的情人节孤独症谢谢你,9.051242,5.270531
33844,0,[MASK]行。小黄人再萌，难道还能卖一辈子？,12.162598,4.988029
32000,1,[MASK]行。17年奥斯卡最佳动画，你好！,8.982585,4.3675833
44666,0,[MASK]行。这种电视剧，阿西吧啊。辣眼睛,11.581205,5.663276
28716,0,[MASK]行。感觉有点像皮克斯的海底总动员。,11.242889,6.6953444
11183,0,[MASK]行。被某舍友拉去看的。。。。无语,11.36263,5.1350746
44375,1,[MASK]行。这是王晶拍的？严重怀疑代拍。,11.502211,5.7170568
3961,0,[MASK]行。居然没有啪啪啪，一直在那叨叨叨,11.99003,5.4505305
50177,0,[MASK]行。不知道有啥内涵。单纯的没意思。,10.968276,6.4466267
35179,0,[MASK]行。挺一般的，剧情单薄，吃饭看的,11.528,6.243558
37719,0,[MASK]行。薛皓文和樊野长得一毛一样！！！,11.127141,5.058946
15878,1,[MASK]行。番外一样精彩，秋华女装小仙女,8.274497,3.6127906
24054,0,[MASK]行。这演技。。读台词也要用点心啊,10.336749,4.935602
22416,0,[MASK]行。直接发行DVD，可见质量一般,7.9184966,2.0657325
42288,0,[MASK]行。改成男女主角可能没这么高的分,11.968664,5.086832
50340,0,[MASK]行。像是另一个纬度的“宝莱坞”电影,9.116215,4.999872
8122,1,[MASK]行。说一句，年轻的船长真他妈的帅！,11.054341,5.33488
48526,1,[MASK]行。活着的时候完成心愿比较重要。,10.242819,5.1145363
32050,1,[MASK]行。敲好看，喜欢狐狸和兔子这西皮,9.469773,5.476433
7502,0,[MASK]行。韩庚一定演的是土象星座的……,11.197872,5.0776925
12572,1,[MASK]行。chrisevans把我帅哭了,10.713582,5.742535
12294,0,[MASK]行。直到现在我也没搞懂里面的深意,10.860931,5.5626497
21641,1,[MASK]行。空壳又怎样嘛？至少美得像只椒图,10.710753,4.7342353
47764,1,[MASK]行。外星人教你书法美国人教你说中文,10.595368,4.966368
49846,1,[MASK]行。第一次看没怎么懂，再慢慢钻研,10.127561,5.6090336
12903,1,[MASK]行。一个人跑去电影院看得一本满足。,10.910655,6.061749
21007,1,[MASK]行。顶啊.顶啊.无法说出的激动.,9.598244,4.945629
41192,0,[MASK]行。情怀就是这样一部一部被作没的,10.855087,5.480417
49243,1,[MASK]行。只值三星，私心为题材加一颗星吧,10.621662,5.3280478
40105,1,[MASK]行。全程无尿点，结束后两个彩蛋！,9.238497,4.077152
14132,0,[MASK]行。真的是老掉牙！这个年代还在拍！,11.259812,5.690402
48518,1,[MASK]行。故事有点老套，但是整体还行吧,11.101546,6.8167357
35318,0,[MASK]行。欣赏无能为什么豆瓣评分那么高？,10.536186,3.9991436
13663,1,[MASK]行。我真心觉得雅各布是能拿影帝的料,10.9333725,6.058494
35839,0,[MASK]行。徐导你这是要泡黄立行啊....,10.04578,3.4055598
20832,1,[MASK]行。我觉得挺好的，不比什么美剧差啊,10.045352,6.868011
24624,1,[MASK]行。多么想握着女孩儿的手看完它。,10.300918,5.344279
38408,1,[MASK]行。这样的男人谁会舍得背叛。。。,11.2188015,5.811636
37020,0,[MASK]行。剧情老套，表演浮夸，邓超，唉,11.754358,5.715189
16885,0,[MASK]行。胡同那房子比郊区那个贵多了吧,12.006589,6.3681874
15410,1,[MASK]行。这么多小演员，大人们都是绿叶了,11.161586,5.886811
35414,1,[MASK]行。反派一只耳...致敬黑猫警长,9.831196,3.5363598
37951,1,[MASK]行。[阳光灿烂的日子]之四十年后。,7.2184577,2.3578167
34477,0,[MASK]行。卡老师说的对啊，好好看看异形吧,11.35586,5.2572746
25447,1,[MASK]行。很好看啦，不知道为什么评分低,10.987882,6.9902925
37045,0,[MASK]行。真的太难看了…真的…太难看了,11.594615,6.166639
17868,0,[MASK]行。男主这张脸导致电影变成灾难片,11.081295,5.012675
18137,0,[MASK]行。心理罪?還是先把腦子治好吧..,9.615633,3.1673539
25990,0,[MASK]行。如果不是颜值撑着不然简直没法看,10.839648,5.744477
49565,0,[MASK]行。实在看不来pta┓(??`)┏,10.191427,4.8853106
4349,1,[MASK]行。鼓勵..鼓勵..鼓勵鼓勵...,8.234313,2.695432
8777,1,[MASK]行。比不二情书好看，被吴大叔打动了,10.989252,6.2314086
40493,0,[MASK]行。很少看到日本拍的吸血鬼电影。,12.50372,6.3893137
23890,0,[MASK]行。雨是不停的雨，人是多余的余。,7.969212,3.1637027
38746,1,[MASK]行。国王的演讲兄弟篇之首相的演讲,8.568822,2.8724492
27669,1,[MASK]行。那颗石头不就是炉石嘛23333,11.418792,5.1521525
5029,1,[MASK]行。★★★☆，几个好的道德小故事,8.961039,4.6768413
30048,0,[MASK]行。在冷面滑稽的路上越走越远……,7.7894545,3.128334
44356,1,[MASK]行。让人都想原谅前两年的王晶了。,11.180471,6.057628
18579,0,[MASK]行。这么鸡肋的反转不如不要。。。,11.273637,4.5820923
5563,0,[MASK]行。为什么觉得蒂姆·波顿还有救呢？,11.7260475,5.1454864
22012,0,[MASK]行。没有舆论评的那么无可救药我觉得,11.009151,5.3561254
4559,1,[MASK]行。中段很多地方还是很有领悟的。,9.4394045,5.285675
19954,1,[MASK]行。闫妮演技出色，剧情乏善可陈。,11.172237,5.3139734
4144,1,[MASK]行。201502CCTV6蛮好看的,9.85942,5.6744328
44940,0,[MASK]行。能搞掉一列火车却找不到一个人,9.518143,4.63365
31631,1,[MASK]行。爽到爆炸。豆瓣网友真的很严格。,9.497222,6.4901447
18789,1,[MASK]行。以后有机会的话也想养一只宠物。,11.015922,6.6222534
46456,1,[MASK]行。太好看了！史上最惊艳3P！！,10.673747,4.419776
25520,1,[MASK]行。每个人都向往自由而不仅仅是安定,9.215797,3.8408256
32628,1,[MASK]行。全程都在注意男主角的皮肤好烂哦,10.660174,5.430856
2485,0,[MASK]行。导演太自恋狂了求求你换个演员吧,12.399008,5.992375
22114,0,[MASK]行。奶茶妹妹进来就过于功利了。。。,11.968282,4.873082
48632,1,[MASK]行。爱情的短暂，梦想与现实的背离,8.955565,3.4020443
28682,0,[MASK]行。每年都有好多部总动员，累不累啊,11.410337,5.8618755
41996,1,[MASK]行。很久没看到这么聪明的电影了。,10.772767,6.5147347
33184,0,[MASK]行。8.7分？Excuseme？,10.557313,4.793336
30867,1,[MASK]行。成年猿类的生活里没有简单两字,9.309109,3.8712463
4460,1,[MASK]行。赵薇的演技大爆发从此片开始。,10.521799,5.3743844
34788,0,[MASK]行。最惊人版杨过与小龙女。。。。,8.573597,4.2796535
42013,1,[MASK]行。语言经典！剧情逗趣！真好看！,9.845469,5.5150156
26064,1,[MASK]行。天若有情天亦老，我为DC续一秒,8.711623,3.5525985
17145,0,[MASK]行。歌颂朝鲜人民都过好日子的电影。,9.4219,5.3568597
21213,1,[MASK]行。年纪大了，就爱看这种口水电影,11.620707,5.4491653
12119,1,[MASK]行。当紫霞仙子死的那刻，泪如雨下?,8.726455,3.7217104
43734,1,[MASK]行。与人为善才是活着的真谛，好吧！,7.356374,2.8159997
30862,1,[MASK]行。应该是在看一部寓言和史诗传奇,10.760525,5.0165734
47133,1,[MASK]行。等待是值得的要去电影院再看一次,11.4728,5.234813
50247,0,[MASK]行。看过的最烂的烂片！！！！！！,10.081269,4.205891
14012,0,[MASK]行。剧情太公式化，特效假的我想笑,11.570111,4.951247
45342,0,[MASK]行。完全就是砸烂一块玻璃引发的血案,11.632767,4.9399495
48206,1,[MASK]行。超豪华爆米花爽片，特效很棒。,10.5553255,6.3225465
1284,1,[MASK]行。为什么拍出来十几年我才看到呢？,11.279243,6.33399
33952,0,[MASK]行。笑料还是蛮有意思，故事太一般了,11.104787,5.0602446
50569,0,[MASK]行。基本反映了黄晓明的表演功力。,8.665947,5.44022
15621,1,[MASK]行。是一些怕吵的宝宝，我理解它们,11.084875,5.606805
46494,1,[MASK]行。观之使人意远，是很好的作品。,5.8529983,2.9313047
33694,0,[MASK]行。这部电影重新定义了烂片的标准。,11.225259,4.555758
33237,1,[MASK]行。仅仅是因为做视觉工作猜出来的…,10.303457,4.381268
5869,0,[MASK]行。别想太多，都是为了看大恐龙！,10.466257,4.450635
15599,1,[MASK]行。这种怪每个高铁车厢都应该配一只,11.74045,4.589744
14193,0,[MASK]行。是不是大妈们就爱看这种电视剧？,12.098052,5.5202355
11056,0,[MASK]行。比暮光还SB的电影也是没谁了,11.533621,5.675651
17571,1,[MASK]行。总体完成度不错，节奏张弛有度。,8.4576,5.563385
11684,0,[MASK]行。换班人马演那个故事你屁都赚不到,11.358521,5.137196
17923,0,[MASK]行。消遣无聊，结果被无聊消遣了。,10.156769,4.5291185
13355,0,[MASK]行。一部纯炫特效的电影，结尾low,10.182145,5.5585847
48003,1,[MASK]行。第一总是最困难的！可总有第一,9.878946,4.8834014
12162,1,[MASK]行。一定有一些电影永远都不能被超越,11.072894,4.993497
17745,1,[MASK]行。假设自己也生活在社会底层。。。,10.794239,5.1052694
42361,1,[MASK]行。解锁了黄桃新吃法……音乐很棒,9.8830185,5.033557
28131,1,[MASK]行。这年头好点的黑色幽默都见不到了,11.452563,5.5117693
23298,1,[MASK]行。情感力量当然高于一切宇宙哲学。,9.404875,3.2790785
18630,1,[MASK]行。小太妹配小奶狗，居然意外地萌,10.719883,5.0945725
42709,0,[MASK]行。梦游一般，几个垃圾凑在一起。,11.020917,5.6617723
34282,0,[MASK]行。给我两个小时的动物世界吧……,10.856097,4.987964
14634,1,[MASK]行。三星半。旷世真卷，疯魔成活。,6.263976,1.54627
29143,1,[MASK]行。代入感很强啊（跳舞那段太美……,10.620802,6.4359455
16524,1,[MASK]行。活在童话里，未尝不是一种生活。,8.269562,3.5954807
35816,0,[MASK]行。以后徐静蕾的电影都要敬而远之,11.005654,5.1271095
17480,0,[MASK]行。微缩版异形，密室恐怖，吓得够呛,10.120774,3.9255123
3097,0,[MASK]行。葛民辉已经老成一把刷子了==,10.378075,5.050138
40983,0,[MASK]行。画面还行吧剧情不仅弱还违和……,11.874574,6.2851543
18625,1,[MASK]行。如果最后还是没过那天就神作了,10.534342,5.4732924
3486,0,[MASK]行。草拟吗别拍这种恶心剧了求你了,10.318689,4.1765795
